100,4 settimane dopo - Free per Upgrade,email,"[username], ecco quello che ti stai perdendo...","<!-- BODY -->
<table class=""body-wrap"">
<tbody>
<tr>
<td>&nbsp;</td>
<td class=""container"">
<div class=""content"">
<table>
<tbody>
<tr style=""line-height: 0px;"">
<td style=""line-height: 0px;""><a href=""https://www.lifeintravel.it""><img src=""https://www.lifeintravel.it/images/newsletter/modelli/lifeintravel-logo-lungo-343x123.png"" alt=""Life in Travel"" style=""display: block; margin-left: auto; margin-right: auto; text-align: center;"" /></a></td>
</tr>
<tr>
<td>
<p style=""max-width: 600px; text-align: center;"">[username] grazie per essere entrato a far parte, con il piano gratuito, della LiT Family.</p>
<p style=""max-width: 600px; text-align: center;"">Speriamo che anche tu voglia diventare un membro attivo di questa famiglia.</p>
<p style=""text-align: center;"">Il tuo abbonamento gratuito Spirito Libero ti permette di scaricare le tracce GPS, utilizzare il forum e ricevere la newsletter, ma ti stai perdendo molto di più.&nbsp;</p>
<p style=""font-size: 18px; max-width: 600px; text-align: center;"">Scopri i vantaggi e servizi esclusivi studiati per te.</p>
<table style=""width: 100%; max-width: 600px;"">
<tbody>
<tr style=""line-height: 0px;"">
<td style=""line-height: 0px; background-color: #428bca; color: #fff; width: 99%; max-width: 600px;"">
<h4 style=""text-align: center;"">Esploratore</h4>
</td>
</tr>
<tr style=""line-height: 0px;"">
<td style=""line-height: 0px; background-color: #ebebeb; max-width: 600px;"">
<p style=""padding-left: 30px;""><strong>navigazione del sito AdFree</strong>;</p>
<p style=""padding-left: 30px;"">e-book <em>""Viaggiare in bici, che figata!""</em>;</p>
<p style=""padding-left: 30px;"">e-book <em>""Vecchie ferrovie in bicicletta - vol. 1""</em> con 33 percorsi ciclabili su ex ferrovie in Italia;</p>
<p style=""padding-left: 30px;"">il <strong>tuo nome</strong> nella pagina dei ringraziamenti;</p>
<p style=""padding-left: 30px;""><strong>B.E.E.R. - botta e risposta</strong>;</p>
<p style=""padding-left: 30px;"">il super <strong>gadget Life in Travel;</strong></p>
<p style=""padding-left: 30px;"">l'abbonamento annuale al <strong>magazine da collezione Impronte </strong>dedicato ai viaggi in bici;</p>
<p style=""padding-left: 30px;"">l'accesso ai <strong>contenuti esclusivi</strong> pubblicati ogni mese solo per te.</p>
</td>
</tr>
<tr style=""line-height: 0px;"">
<td style=""width: 100%; text-decoration: none; background-color: #28a745; border-color: #327742; color: #fff; display: inline-block; font-weight: 400; text-align: center; vertical-align: middle; transition: color .15s ease-in-out,background-color .15s ease-in-out,border-color .15s ease-in-out,box-shadow .15s ease-in-out; max-width: 600px;"">
<p style=""font-size: 14px; max-width: 550px; text-align: center;""><a href=""https://www.lifeintravel.it/index.php?option=com_k2&amp;view=item&amp;layout=item&amp;id=4634&amp;Itemid=7253&amp;lang=it"" style=""color: #fff;"" title=""Abbonati"">Abbonati</a></p>
</td>
</tr>
</tbody>
</table>
<p>&nbsp;</p>
<table style=""width: 100%; max-width: 600px;"">
<tbody>
<tr style=""line-height: 0px;"">
<td style=""line-height: 0px; background-color: #428bca; color: #fff; width: 99%; max-width: 600px;"">
<h4 style=""text-align: center;"">Cicloviaggiatore</h4>
</td>
</tr>
<tr style=""line-height: 0px;"">
<td style=""line-height: 0px; background-color: #ebebeb; max-width: 600px;"">
<p style=""padding-left: 30px;""><strong>navigazione del sito AdFree</strong>;</p>
<p style=""padding-left: 30px;"">e-book <em>""Viaggiare in bici, che figata!""</em>;</p>
<p style=""padding-left: 30px;"">e-book <em>""Vecchie ferrovie in bicicletta - vol. 1""</em> con 33 percorsi ciclabili su ex ferrovie in Italia;</p>
<p style=""padding-left: 30px;"">il <strong>tuo nome</strong> nella pagina dei ringraziamenti;</p>
<p style=""padding-left: 30px;""><strong>B.E.E.R. - botta e risposta</strong>;</p>
<p style=""padding-left: 30px;"">il super <strong>gadget Life in Travel;</strong></p>
</td>
</tr>
<tr style=""line-height: 0px;"">
<td style=""width: 100%; text-decoration: none; background-color: #28a745; border-color: #327742; color: #fff; display: inline-block; font-weight: 400; text-align: center; vertical-align: middle; transition: color .15s ease-in-out,background-color .15s ease-in-out,border-color .15s ease-in-out,box-shadow .15s ease-in-out; max-width: 600px;"">
<p style=""font-size: 14px; max-width: 550px; text-align: center;""><a href=""https://www.lifeintravel.it/index.php?option=com_k2&amp;view=item&amp;layout=item&amp;id=4634&amp;Itemid=7253&amp;lang=it"" style=""color: #fff;"" title=""Abbonati"">Abbonati</a></p>
</td>
</tr>
</tbody>
</table>
<p>&nbsp;</p>
<table style=""width: 100%; max-width: 600px;"">
<tbody>
<tr style=""line-height: 0px;"">
<td style=""line-height: 0px; background-color: #428bca; color: #fff; width: 99%; max-width: 600px;"">
<h4 style=""text-align: center;"">Weekender</h4>
</td>
</tr>
<tr style=""line-height: 0px;"">
<td style=""line-height: 0px; background-color: #ebebeb; max-width: 600px;"">
<p style=""padding-left: 30px;""><strong>navigazione del sito AdFree</strong>;</p>
<p style=""padding-left: 30px;"">e-book <em>""Viaggiare in bici, che figata!""</em>;</p>
<p style=""padding-left: 30px;"">e-book <em>""Vecchie ferrovie in bicicletta - vol. 1""</em> con 33 percorsi ciclabili su ex ferrovie in Italia;</p>
<p style=""padding-left: 30px;"">il <strong>tuo nome</strong> nella pagina dei ringraziamenti;</p>
</td>
</tr>
<tr style=""line-height: 0px;"">
<td style=""width: 100%; text-decoration: none; background-color: #28a745; border-color: #327742; color: #fff; display: inline-block; font-weight: 400; text-align: center; vertical-align: middle; transition: color .15s ease-in-out,background-color .15s ease-in-out,border-color .15s ease-in-out,box-shadow .15s ease-in-out; max-width: 600px;"">
<p style=""font-size: 14px; max-width: 550px; text-align: center;""><a href=""https://www.lifeintravel.it/index.php?option=com_k2&amp;view=item&amp;layout=item&amp;id=4634&amp;Itemid=7253&amp;lang=it"" style=""color: #fff;"" title=""Abbonati"">Abbonati</a></p>
</td>
</tr>
</tbody>
</table>
<p style=""max-width: 600px; text-align: center;"">Per qualsiasi dubbio, contattaci utilizzando <a href=""https://www.lifeintravel.it/index.php?option=com_contact&amp;view=contact&amp;id=1&amp;Itemid=274&amp;lang=it"" title=""Contatti"">questo modulo</a><br /><br /> Buone pedalate,<br /> Leo, Vero, Davide, Fra<br /> e tutto il team di lifeintravel.it</p>
<!-- social & contact -->
<table style=""background-color: #ebebeb;"">
<tbody>
<tr>
<td><!--- column 1 -->
<table class=""column"" style=""width: 600px; height: 172px;"">
<tbody>
<tr>
<td>
<h4 class="""" style=""text-align: center;"">Seguici sui social</h4>
<p><a href=""https://www.facebook.com/lifeintravelita"" style=""padding: 3px 7px; font-size: 12px; margin-bottom: 10px; text-decoration: none; color: #fff; font-weight: bold; display: block; text-align: center; background-color: #3b5998!important;"">Facebook</a> <a href=""https://twitter.com/lifeintravelita"" style=""padding: 3px 7px; font-size: 12px; margin-bottom: 10px; text-decoration: none; color: #fff; font-weight: bold; display: block; text-align: center; background-color: #1daced!important;"">Twitter</a> <a href=""https://goo.gl/zaFUfs"" style=""padding: 3px 7px; font-size: 12px; margin-bottom: 10px; text-decoration: none; color: #fff; font-weight: bold; display: block; text-align: center; background-color: #db4a39!important;"">Youtube</a></p>
</td>
</tr>
</tbody>
</table>
<!-- /column 1 --> <span class=""clear""></span></td>
</tr>
</tbody>
</table>
<!-- /social & contact --></td>
</tr>
</tbody>
</table>
</div>
</td>
<td>&nbsp;</td>
</tr>
</tbody>
</table>
<!-- /BODY -->",1,1,"","",Life in Travel,info@lifeintravel.it,"",3,+0000-00-28 00:00:00,"",subscription_date,1,A,"0","0","","0",A,"","","","0","0","0","0","0","0","","","","","0","0","","","0","","","","","0","","","","","0","0","0","0","0","0","","","","","0","0","","","0","","","","","0","",1,"0000-00-00 00:00:00","0000-00-00 00:00:00","0",1,1,1,"",3,"0","{""emailtoemail"":""""}",""
101,48 ore dopo - Free per Upgrade,email,"[username], sai dell'esistenza di tutto ciò?","<!-- BODY -->
<table class=""body-wrap"">
<tbody>
<tr>
<td>&nbsp;</td>
<td class=""container"">
<div class=""content"">
<table>
<tbody>
<tr style=""line-height: 0px;"">
<td style=""line-height: 0px;""><a href=""https://www.lifeintravel.it""><img src=""images/newsletter/modelli/lifeintravel-logo-lungo-343x123.png"" alt=""Life in Travel"" style=""display: block; margin-left: auto; margin-right: auto; text-align: center;"" /></a></td>
</tr>
<tr>
<td>
<p style=""max-width: 600px; text-align: center;"">[username] grazie per essere entrato da poco a far parte della Life in Travel Family.</p>
<p style=""max-width: 600px; text-align: center;"">Da oltre 15 anni diamo consigli, informazioni e trasmettiamo l'amore per il magico mondo del cicloturismo.</p>
<p style=""text-align: center;"">Il tuo abbonamento gratuito Spirito Libero ti permette di scaricare le tracce GPS, utilizzare il forum e ricevere la newsletter, ma c'è molto di più.&nbsp;</p>
<p style=""font-size: 18px; max-width: 600px; text-align: center;"">Scopri i vantaggi e servizi esclusivi studiati per te.</p>
<table style=""width: 100%;"">
<tbody>
<tr style=""line-height: 0px;"">
<td style=""line-height: 0px; background-color: #428bca; color: #fff; width: 99%;"">
<h4 style=""text-align: center;"">Esploratore</h4>
</td>
</tr>
<tr style=""line-height: 0px;"">
<td style=""line-height: 0px; background-color: #ebebeb;"">
<p style=""padding-left: 30px;""><strong>navigazione del sito AdFree</strong>;</p>
<p style=""padding-left: 30px;"">e-book <em>""Viaggiare in bici, che figata!""</em>;</p>
<p style=""padding-left: 30px;"">e-book <em>""Vecchie ferrovie in bicicletta - vol. 1""</em> con 33 percorsi ciclabili su ex ferrovie in Italia;</p>
<p style=""padding-left: 30px;"">il <strong>tuo nome</strong> nella pagina dei ringraziamenti;</p>
<p style=""padding-left: 30px;""><strong>B.E.E.R. - botta e risposta</strong>;</p>
<p style=""padding-left: 30px;"">il super <strong>gadget Life in Travel;</strong></p>
<p style=""padding-left: 30px;"">l'abbonamento annuale al <strong>magazine da collezione Impronte </strong>dedicato ai viaggi in bici;</p>
<p style=""padding-left: 30px;"">l'accesso ai <strong>contenuti esclusivi</strong> pubblicati ogni mese solo per te.</p>
</td>
</tr>
<tr style=""line-height: 0px;"">
<td style=""width: 100%; text-decoration: none; background-color: #28a745; border-color: #327742; color: #fff; display: inline-block; font-weight: 400; text-align: center; vertical-align: middle; transition: color .15s ease-in-out,background-color .15s ease-in-out,border-color .15s ease-in-out,box-shadow .15s ease-in-out;"">
<p style=""font-size: 14px; max-width: 550px; text-align: center;""><a href=""https://www.lifeintravel.it/index.php?option=com_k2&amp;view=item&amp;layout=item&amp;id=4634&amp;Itemid=7253&amp;lang=it"" style=""color: #fff;"" title=""Abbonati"">Abbonati</a></p>
</td>
</tr>
</tbody>
</table>
<p>&nbsp;</p>
<table style=""width: 100%;"">
<tbody>
<tr style=""line-height: 0px;"">
<td style=""line-height: 0px; background-color: #428bca; color: #fff; width: 99%;"">
<h4 style=""text-align: center;"">Cicloviaggiatore</h4>
</td>
</tr>
<tr style=""line-height: 0px;"">
<td style=""line-height: 0px; background-color: #ebebeb;"">
<p style=""padding-left: 30px;""><strong>navigazione del sito AdFree</strong>;</p>
<p style=""padding-left: 30px;"">e-book <em>""Viaggiare in bici, che figata!""</em>;</p>
<p style=""padding-left: 30px;"">e-book <em>""Vecchie ferrovie in bicicletta - vol. 1""</em> con 33 percorsi ciclabili su ex ferrovie in Italia;</p>
<p style=""padding-left: 30px;"">il <strong>tuo nome</strong> nella pagina dei ringraziamenti;</p>
<p style=""padding-left: 30px;""><strong>B.E.E.R. - botta e risposta</strong>;</p>
<p style=""padding-left: 30px;"">il super <strong>gadget Life in Travel;</strong></p>
</td>
</tr>
<tr style=""line-height: 0px;"">
<td style=""width: 100%; text-decoration: none; background-color: #28a745; border-color: #327742; color: #fff; display: inline-block; font-weight: 400; text-align: center; vertical-align: middle; transition: color .15s ease-in-out,background-color .15s ease-in-out,border-color .15s ease-in-out,box-shadow .15s ease-in-out;"">
<p style=""font-size: 14px; max-width: 550px; text-align: center;""><a href=""https://www.lifeintravel.it/index.php?option=com_k2&amp;view=item&amp;layout=item&amp;id=4634&amp;Itemid=7253&amp;lang=it"" style=""color: #fff;"" title=""Abbonati"">Abbonati</a></p>
</td>
</tr>
</tbody>
</table>
<p>&nbsp;</p>
<table style=""width: 100%;"">
<tbody>
<tr style=""line-height: 0px;"">
<td style=""line-height: 0px; background-color: #428bca; color: #fff; width: 99%;"">
<h4 style=""text-align: center;"">Weekender</h4>
</td>
</tr>
<tr style=""line-height: 0px;"">
<td style=""line-height: 0px; background-color: #ebebeb;"">
<p style=""padding-left: 30px;""><strong>navigazione del sito AdFree</strong>;</p>
<p style=""padding-left: 30px;"">e-book <em>""Viaggiare in bici, che figata!""</em>;</p>
<p style=""padding-left: 30px;"">e-book <em>""Vecchie ferrovie in bicicletta - vol. 1""</em> con 33 percorsi ciclabili su ex ferrovie in Italia;</p>
<p style=""padding-left: 30px;"">il <strong>tuo nome</strong> nella pagina dei ringraziamenti;</p>
</td>
</tr>
<tr style=""line-height: 0px;"">
<td style=""width: 100%; text-decoration: none; background-color: #28a745; border-color: #327742; color: #fff; display: inline-block; font-weight: 400; text-align: center; vertical-align: middle; transition: color .15s ease-in-out,background-color .15s ease-in-out,border-color .15s ease-in-out,box-shadow .15s ease-in-out;"">
<p style=""font-size: 14px; max-width: 550px; text-align: center;""><a href=""https://www.lifeintravel.it/index.php?option=com_k2&amp;view=item&amp;layout=item&amp;id=4634&amp;Itemid=7253&amp;lang=it"" style=""color: #fff;"" title=""Abbonati"">Abbonati</a></p>
</td>
</tr>
</tbody>
</table>
<p style=""max-width: 600px; text-align: center;"">Per qualsiasi dubbio, contattaci utilizzando <a href=""https://www.lifeintravel.it/index.php?option=com_contact&amp;view=contact&amp;id=1&amp;Itemid=274&amp;lang=it"" title=""Contatti"">questo modulo</a><br /><br /> Buone pedalate,<br /> Leo, Vero, Davide, Fra<br /> e tutto il team di lifeintravel.it</p>
<!-- social & contact -->
<table style=""background-color: #ebebeb;"">
<tbody>
<tr>
<td><!--- column 1 -->
<table class=""column"" style=""width: 600px; height: 172px;"">
<tbody>
<tr>
<td>
<h4 class="""" style=""text-align: center;"">Seguici sui social</h4>
<p><a href=""https://www.facebook.com/lifeintravelita"" style=""padding: 3px 7px; font-size: 12px; margin-bottom: 10px; text-decoration: none; color: #fff; font-weight: bold; display: block; text-align: center; background-color: #3b5998!important;"">Facebook</a> <a href=""https://twitter.com/lifeintravelita"" style=""padding: 3px 7px; font-size: 12px; margin-bottom: 10px; text-decoration: none; color: #fff; font-weight: bold; display: block; text-align: center; background-color: #1daced!important;"">Twitter</a> <a href=""https://goo.gl/zaFUfs"" style=""padding: 3px 7px; font-size: 12px; margin-bottom: 10px; text-decoration: none; color: #fff; font-weight: bold; display: block; text-align: center; background-color: #db4a39!important;"">Youtube</a></p>
</td>
</tr>
</tbody>
</table>
<!-- /column 1 --> <span class=""clear""></span></td>
</tr>
</tbody>
</table>
<!-- /social & contact --></td>
</tr>
</tbody>
</table>
</div>
</td>
<td>&nbsp;</td>
</tr>
</tbody>
</table>
<!-- /BODY -->",1,1,"","",Life in Travel,info@lifeintravel.it,"",3,+0000-00-02 00:00:00,"",subscription_date,1,A,"0","0","","0",A,"","","","0","0","0","0","0","0","","","","","0","0","","","0","","","","","0","","","","","0","0","0","0","0","0","","","","","0","0","","","0","","","","","0","",1,"0000-00-00 00:00:00","0000-00-00 00:00:00","0",1,1,1,"",1,"0","{""emailtoemail"":""""}",""
102,1 settimana dopo - Free per Upgrade,email,"Grazie [username], ma sai che puoi avere di più?","<!-- BODY -->
<table class=""body-wrap"">
<tbody>
<tr>
<td>&nbsp;</td>
<td class=""container"">
<div class=""content"">
<table>
<tbody>
<tr style=""line-height: 0px;"">
<td style=""line-height: 0px;""><a href=""https://www.lifeintravel.it""><img src=""images/newsletter/modelli/lifeintravel-logo-lungo-343x123.png"" alt=""Life in Travel"" style=""display: block; margin-left: auto; margin-right: auto; text-align: center;"" /></a></td>
</tr>
<tr>
<td>
<p style=""max-width: 600px; text-align: center;"">[username] da una settimana ormai fai parte di questa famiglia di cicloviaggiatori e per questo noi ti ringraziamo.</p>
<p style=""max-width: 600px; text-align: center;"">Speriamo ti stia piacendo questo mondo che noi amiamo pazzamente.</p>
<p style=""text-align: center;"">Il tuo abbonamento gratuito Spirito Libero ti permette di scaricare le tracce GPS, utilizzare il forum e ricevere la newsletter, ma puoi avere e fare molto di più.&nbsp;</p>
<p style=""font-size: 18px; max-width: 600px; text-align: center;"">Scopri i vantaggi e servizi esclusivi studiati per te.</p>
<table style=""width: 100%;"">
<tbody>
<tr style=""line-height: 0px;"">
<td style=""line-height: 0px; background-color: #428bca; color: #fff; width: 99%;"">
<h4 style=""text-align: center;"">Esploratore</h4>
</td>
</tr>
<tr style=""line-height: 0px;"">
<td style=""line-height: 0px; background-color: #ebebeb;"">
<p style=""padding-left: 30px;""><strong>navigazione del sito AdFree</strong>;</p>
<p style=""padding-left: 30px;"">e-book <em>""Viaggiare in bici, che figata!""</em>;</p>
<p style=""padding-left: 30px;"">e-book <em>""Vecchie ferrovie in bicicletta - vol. 1""</em> con 33 percorsi ciclabili su ex ferrovie in Italia;</p>
<p style=""padding-left: 30px;"">il <strong>tuo nome</strong> nella pagina dei ringraziamenti;</p>
<p style=""padding-left: 30px;""><strong>B.E.E.R. - botta e risposta</strong>;</p>
<p style=""padding-left: 30px;"">il super <strong>gadget Life in Travel;</strong></p>
<p style=""padding-left: 30px;"">l'abbonamento annuale al <strong>magazine da collezione Impronte </strong>dedicato ai viaggi in bici;</p>
<p style=""padding-left: 30px;"">l'accesso ai <strong>contenuti esclusivi</strong> pubblicati ogni mese solo per te.</p>
</td>
</tr>
<tr style=""line-height: 0px;"">
<td style=""width: 100%; text-decoration: none; background-color: #28a745; border-color: #327742; color: #fff; display: inline-block; font-weight: 400; text-align: center; vertical-align: middle; transition: color .15s ease-in-out,background-color .15s ease-in-out,border-color .15s ease-in-out,box-shadow .15s ease-in-out;"">
<p style=""font-size: 14px; max-width: 550px; text-align: center;""><a href=""https://www.lifeintravel.it/index.php?option=com_k2&amp;view=item&amp;layout=item&amp;id=4634&amp;Itemid=7253&amp;lang=it"" style=""color: #fff;"" title=""Abbonati"">Abbonati</a></p>
</td>
</tr>
</tbody>
</table>
<p>&nbsp;</p>
<table style=""width: 100%;"">
<tbody>
<tr style=""line-height: 0px;"">
<td style=""line-height: 0px; background-color: #428bca; color: #fff; width: 99%;"">
<h4 style=""text-align: center;"">Cicloviaggiatore</h4>
</td>
</tr>
<tr style=""line-height: 0px;"">
<td style=""line-height: 0px; background-color: #ebebeb;"">
<p style=""padding-left: 30px;""><strong>navigazione del sito AdFree</strong>;</p>
<p style=""padding-left: 30px;"">e-book <em>""Viaggiare in bici, che figata!""</em>;</p>
<p style=""padding-left: 30px;"">e-book <em>""Vecchie ferrovie in bicicletta - vol. 1""</em> con 33 percorsi ciclabili su ex ferrovie in Italia;</p>
<p style=""padding-left: 30px;"">il <strong>tuo nome</strong> nella pagina dei ringraziamenti;</p>
<p style=""padding-left: 30px;""><strong>B.E.E.R. - botta e risposta</strong>;</p>
<p style=""padding-left: 30px;"">il super <strong>gadget Life in Travel;</strong></p>
</td>
</tr>
<tr style=""line-height: 0px;"">
<td style=""width: 100%; text-decoration: none; background-color: #28a745; border-color: #327742; color: #fff; display: inline-block; font-weight: 400; text-align: center; vertical-align: middle; transition: color .15s ease-in-out,background-color .15s ease-in-out,border-color .15s ease-in-out,box-shadow .15s ease-in-out;"">
<p style=""font-size: 14px; max-width: 550px; text-align: center;""><a href=""https://www.lifeintravel.it/index.php?option=com_k2&amp;view=item&amp;layout=item&amp;id=4634&amp;Itemid=7253&amp;lang=it"" style=""color: #fff;"" title=""Abbonati"">Abbonati</a></p>
</td>
</tr>
</tbody>
</table>
<p>&nbsp;</p>
<table style=""width: 100%;"">
<tbody>
<tr style=""line-height: 0px;"">
<td style=""line-height: 0px; background-color: #428bca; color: #fff; width: 99%;"">
<h4 style=""text-align: center;"">Weekender</h4>
</td>
</tr>
<tr style=""line-height: 0px;"">
<td style=""line-height: 0px; background-color: #ebebeb;"">
<p style=""padding-left: 30px;""><strong>navigazione del sito AdFree</strong>;</p>
<p style=""padding-left: 30px;"">e-book <em>""Viaggiare in bici, che figata!""</em>;</p>
<p style=""padding-left: 30px;"">e-book <em>""Vecchie ferrovie in bicicletta - vol. 1""</em> con 33 percorsi ciclabili su ex ferrovie in Italia;</p>
<p style=""padding-left: 30px;"">il <strong>tuo nome</strong> nella pagina dei ringraziamenti;</p>
</td>
</tr>
<tr style=""line-height: 0px;"">
<td style=""width: 100%; text-decoration: none; background-color: #28a745; border-color: #327742; color: #fff; display: inline-block; font-weight: 400; text-align: center; vertical-align: middle; transition: color .15s ease-in-out,background-color .15s ease-in-out,border-color .15s ease-in-out,box-shadow .15s ease-in-out;"">
<p style=""font-size: 14px; max-width: 550px; text-align: center;""><a href=""https://www.lifeintravel.it/index.php?option=com_k2&amp;view=item&amp;layout=item&amp;id=4634&amp;Itemid=7253&amp;lang=it"" style=""color: #fff;"" title=""Abbonati"">Abbonati</a></p>
</td>
</tr>
</tbody>
</table>
<p style=""max-width: 600px; text-align: center;"">Per qualsiasi dubbio, contattaci utilizzando <a href=""https://www.lifeintravel.it/index.php?option=com_contact&amp;view=contact&amp;id=1&amp;Itemid=274&amp;lang=it"" title=""Contatti"">questo modulo</a><br /><br /> Buone pedalate,<br /> Leo, Vero, Davide, Fra<br /> e tutto il team di lifeintravel.it</p>
<!-- social & contact -->
<table style=""background-color: #ebebeb;"">
<tbody>
<tr>
<td><!--- column 1 -->
<table class=""column"" style=""width: 600px; height: 172px;"">
<tbody>
<tr>
<td>
<h4 class="""" style=""text-align: center;"">Seguici sui social</h4>
<p><a href=""https://www.facebook.com/lifeintravelita"" style=""padding: 3px 7px; font-size: 12px; margin-bottom: 10px; text-decoration: none; color: #fff; font-weight: bold; display: block; text-align: center; background-color: #3b5998!important;"">Facebook</a> <a href=""https://twitter.com/lifeintravelita"" style=""padding: 3px 7px; font-size: 12px; margin-bottom: 10px; text-decoration: none; color: #fff; font-weight: bold; display: block; text-align: center; background-color: #1daced!important;"">Twitter</a> <a href=""https://goo.gl/zaFUfs"" style=""padding: 3px 7px; font-size: 12px; margin-bottom: 10px; text-decoration: none; color: #fff; font-weight: bold; display: block; text-align: center; background-color: #db4a39!important;"">Youtube</a></p>
</td>
</tr>
</tbody>
</table>
<!-- /column 1 --> <span class=""clear""></span></td>
</tr>
</tbody>
</table>
<!-- /social & contact --></td>
</tr>
</tbody>
</table>
</div>
</td>
<td>&nbsp;</td>
</tr>
</tbody>
</table>
<!-- /BODY -->",1,1,"","",Life in Travel,info@lifeintravel.it,"",3,+0000-00-07 00:00:00,"",subscription_date,1,A,"0","0","","0",A,"","","","0","0","0","0","0","0","","","","","0","0","","","0","","","","","0","","","","","0","0","0","0","0","0","","","","","0","0","","","0","","","","","0","",1,"0000-00-00 00:00:00","0000-00-00 00:00:00","0",1,1,1,"",2,"0","{""emailtoemail"":""""}",""
103,48 ore dopo - Pagato per Upgrade,email,"[username], espandi i tuoi orizzonti di viaggio","<!-- BODY -->
<table class=""body-wrap"">
<tbody>
<tr>
<td>&nbsp;</td>
<td class=""container"">
<div class=""content"">
<table>
<tbody>
<tr style=""line-height: 0px;"">
<td style=""line-height: 0px;""><a href=""https://www.lifeintravel.it""><img src=""images/newsletter/modelli/lifeintravel-logo-lungo-343x123.png"" alt=""Life in Travel"" style=""display: block; margin-left: auto; margin-right: auto; text-align: center;"" /></a></td>
</tr>
<tr>
<td>
<p style=""max-width: 600px; text-align: center;"">[username] ci sono tanti altri servizi esclusivi che ti aspettano.</p>
<p style=""font-size: 18px; max-width: 600px; text-align: center;"">Per te che fai parte della&nbsp;<strong>LiT Family,</strong>&nbsp;tanti altri vantaggi esclusivi.</p>
<p style=""font-size: 14px; max-width: 600px; text-align: center;""><a href=""https://www.lifeintravel.it/index.php?option=com_k2&amp;view=item&amp;layout=item&amp;id=4634&amp;Itemid=7253&amp;lang=it"" style=""text-decoration: none; background-color: #28a745; border-color: #327742; color: #fff; display: inline-block; font-weight: 400; text-align: center; white-space: nowrap; vertical-align: middle; user-select: none; border: 1px solid transparent; padding: .375rem .75rem; font-size: 1rem; line-height: 1.5; border-radius: .25rem; transition: color .15s ease-in-out,background-color .15s ease-in-out,border-color .15s ease-in-out,box-shadow .15s ease-in-out;"">Scopri i vantaggi</a></p>
<p style=""max-width: 600px; text-align: center;"">Per qualsiasi dubbio, contattaci utilizzando <a href=""https://www.lifeintravel.it/index.php?option=com_contact&amp;view=contact&amp;id=1&amp;Itemid=274&amp;lang=it"">questo modulo</a><br /><br /> Buone pedalate,<br /> Leo, Vero, Davide, Fra<br /> e tutto il team di lifeintravel.it</p>
<!-- social & contact -->
<table style=""background-color: #ebebeb;"">
<tbody>
<tr>
<td><!--- column 1 -->
<table class=""column"" style=""width: 600px; height: 172px;"">
<tbody>
<tr>
<td>
<h4 class="""" style=""text-align: center;"">Seguici sui social</h4>
<p><a href=""https://www.facebook.com/lifeintravelita"" style=""padding: 3px 7px; font-size: 12px; margin-bottom: 10px; text-decoration: none; color: #fff; font-weight: bold; display: block; text-align: center; background-color: #3b5998!important;"">Facebook</a> <a href=""https://twitter.com/lifeintravelita"" style=""padding: 3px 7px; font-size: 12px; margin-bottom: 10px; text-decoration: none; color: #fff; font-weight: bold; display: block; text-align: center; background-color: #1daced!important;"">Twitter</a> <a href=""https://goo.gl/zaFUfs"" style=""padding: 3px 7px; font-size: 12px; margin-bottom: 10px; text-decoration: none; color: #fff; font-weight: bold; display: block; text-align: center; background-color: #db4a39!important;"">Youtube</a></p>
</td>
</tr>
</tbody>
</table>
<!-- /column 1 --> <span class=""clear""></span></td>
</tr>
</tbody>
</table>
<!-- /social & contact --></td>
</tr>
</tbody>
</table>
</div>
</td>
<td>&nbsp;</td>
</tr>
</tbody>
</table>
<!-- /BODY -->",1,1,"","",Life in Travel,info@lifeintravel.it,"",3,+0000-00-02 00:00:00,"",subscription_date,2|*|4,A,"0","0","","0",A,"","","","0","0","0","0","0","0","","","","","0","0","","","0","","","","","0","","","","","0","0","0","0","0","0","","","","","0","0","","","0","","","","","0","",1,"0000-00-00 00:00:00","0000-00-00 00:00:00","0",1,1,1,"",4,"0","{""emailtoemail"":""""}",""
104,1 settimana dopo - Pagato per Upgrade,email,"[username], espandi i tuoi orizzonti di viaggio","<!-- BODY -->
<table class=""body-wrap"">
<tbody>
<tr>
<td>&nbsp;</td>
<td class=""container"">
<div class=""content"">
<table>
<tbody>
<tr style=""line-height: 0px;"">
<td style=""line-height: 0px;""><a href=""https://www.lifeintravel.it""><img src=""images/newsletter/modelli/lifeintravel-logo-lungo-343x123.png"" alt=""Life in Travel"" style=""display: block; margin-left: auto; margin-right: auto; text-align: center;"" /></a></td>
</tr>
<tr>
<td>
<p style=""max-width: 600px; text-align: center;"">[username] ci sono tanti altri servizi esclusivi che ti aspettano.</p>
<p style=""font-size: 18px; max-width: 600px; text-align: center;"">Per te che fai parte della&nbsp;<strong>LiT Family,</strong>&nbsp;tanti altri vantaggi esclusivi.</p>
<p style=""font-size: 14px; max-width: 600px; text-align: center;""><a href=""https://www.lifeintravel.it/index.php?option=com_k2&amp;view=item&amp;layout=item&amp;id=4634&amp;Itemid=7253&amp;lang=it"" style=""text-decoration: none; background-color: #28a745; border-color: #327742; color: #fff; display: inline-block; font-weight: 400; text-align: center; white-space: nowrap; vertical-align: middle; user-select: none; border: 1px solid transparent; padding: .375rem .75rem; font-size: 1rem; line-height: 1.5; border-radius: .25rem; transition: color .15s ease-in-out,background-color .15s ease-in-out,border-color .15s ease-in-out,box-shadow .15s ease-in-out;"">Scopri i vantaggi</a></p>
<p style=""max-width: 600px; text-align: center;"">Per qualsiasi dubbio, contattaci utilizzando <a href=""https://www.lifeintravel.it/index.php?option=com_contact&amp;view=contact&amp;id=1&amp;Itemid=274&amp;lang=it"">questo modulo</a><br /><br /> Buone pedalate,<br /> Leo, Vero, Davide, Fra<br /> e tutto il team di lifeintravel.it</p>
<!-- social & contact -->
<table style=""background-color: #ebebeb;"">
<tbody>
<tr>
<td><!--- column 1 -->
<table class=""column"" style=""width: 600px; height: 172px;"">
<tbody>
<tr>
<td>
<h4 class="""" style=""text-align: center;"">Seguici sui social</h4>
<p><a href=""https://www.facebook.com/lifeintravelita"" style=""padding: 3px 7px; font-size: 12px; margin-bottom: 10px; text-decoration: none; color: #fff; font-weight: bold; display: block; text-align: center; background-color: #3b5998!important;"">Facebook</a> <a href=""https://twitter.com/lifeintravelita"" style=""padding: 3px 7px; font-size: 12px; margin-bottom: 10px; text-decoration: none; color: #fff; font-weight: bold; display: block; text-align: center; background-color: #1daced!important;"">Twitter</a> <a href=""https://goo.gl/zaFUfs"" style=""padding: 3px 7px; font-size: 12px; margin-bottom: 10px; text-decoration: none; color: #fff; font-weight: bold; display: block; text-align: center; background-color: #db4a39!important;"">Youtube</a></p>
</td>
</tr>
</tbody>
</table>
<!-- /column 1 --> <span class=""clear""></span></td>
</tr>
</tbody>
</table>
<!-- /social & contact --></td>
</tr>
</tbody>
</table>
</div>
</td>
<td>&nbsp;</td>
</tr>
</tbody>
</table>
<!-- /BODY -->",1,1,"","",Life in Travel,info@lifeintravel.it,"",3,+0000-00-07 00:00:00,"",subscription_date,2|*|4,A,"0","0","","0",A,"","","","0","0","0","0","0","0","","","","","0","0","","","0","","","","","0","","","","","0","0","0","0","0","0","","","","","0","0","","","0","","","","","0","",1,"0000-00-00 00:00:00","0000-00-00 00:00:00","0",1,1,1,"",5,"0","{""emailtoemail"":""""}",""
105,4 settimane dopo - Pagato per Upgrade,email,"[username], espandi i tuoi orizzonti di viaggio","<!-- BODY -->
<table class=""body-wrap"">
<tbody>
<tr>
<td>&nbsp;</td>
<td class=""container"">
<div class=""content"">
<table>
<tbody>
<tr style=""line-height: 0px;"">
<td style=""line-height: 0px;""><a href=""https://www.lifeintravel.it""><img src=""images/newsletter/modelli/lifeintravel-logo-lungo-343x123.png"" alt=""Life in Travel"" style=""display: block; margin-left: auto; margin-right: auto; text-align: center;"" /></a></td>
</tr>
<tr>
<td>
<p style=""max-width: 600px; text-align: center;"">[username] ci sono tanti altri servizi esclusivi che ti aspettano.</p>
<p style=""font-size: 18px; max-width: 600px; text-align: center;"">Per te che fai parte della&nbsp;<strong>LiT Family,</strong>&nbsp;tanti altri vantaggi esclusivi.</p>
<p style=""font-size: 14px; max-width: 600px; text-align: center;""><a href=""https://www.lifeintravel.it/abbonati"" style=""text-decoration: none; background-color: #28a745; border-color: #327742; color: #fff; display: inline-block; font-weight: 400; text-align: center; white-space: nowrap; vertical-align: middle; user-select: none; border: 1px solid transparent; padding: .375rem .75rem; font-size: 1rem; line-height: 1.5; border-radius: .25rem; transition: color .15s ease-in-out,background-color .15s ease-in-out,border-color .15s ease-in-out,box-shadow .15s ease-in-out;"">Scopri i vantaggi</a></p>
<p style=""max-width: 600px; text-align: center;"">Per qualsiasi dubbio, contattaci utilizzando <a href=""https://www.lifeintravel.it/index.php?option=com_contact&amp;view=contact&amp;id=1&amp;Itemid=274&amp;lang=it"">questo modulo</a><br /><br /> Buone pedalate,<br /> Leo, Vero, Davide, Fra<br /> e tutto il team di lifeintravel.it</p>
<!-- social & contact -->
<table style=""background-color: #ebebeb;"">
<tbody>
<tr>
<td><!--- column 1 -->
<table class=""column"" style=""width: 600px; height: 172px;"">
<tbody>
<tr>
<td>
<h4 class="""" style=""text-align: center;"">Seguici sui social</h4>
<p><a href=""https://www.facebook.com/lifeintravelita"" style=""padding: 3px 7px; font-size: 12px; margin-bottom: 10px; text-decoration: none; color: #fff; font-weight: bold; display: block; text-align: center; background-color: #3b5998!important;"">Facebook</a> <a href=""https://twitter.com/lifeintravelita"" style=""padding: 3px 7px; font-size: 12px; margin-bottom: 10px; text-decoration: none; color: #fff; font-weight: bold; display: block; text-align: center; background-color: #1daced!important;"">Twitter</a> <a href=""https://goo.gl/zaFUfs"" style=""padding: 3px 7px; font-size: 12px; margin-bottom: 10px; text-decoration: none; color: #fff; font-weight: bold; display: block; text-align: center; background-color: #db4a39!important;"">Youtube</a></p>
</td>
</tr>
</tbody>
</table>
<!-- /column 1 --> <span class=""clear""></span></td>
</tr>
</tbody>
</table>
<!-- /social & contact --></td>
</tr>
</tbody>
</table>
</div>
</td>
<td>&nbsp;</td>
</tr>
</tbody>
</table>
<!-- /BODY -->",1,1,"","",Life in Travel,info@lifeintravel.it,"",3,+0000-00-28 00:00:00,"",subscription_date,2|*|4,A,"0","0","","0",A,"","","","0","0","0","0","0","0","","","","","0","0","","","0","","","","","0","","","","","0","0","0","0","0","0","","","","","0","0","","","0","","","","","0","",1,"0000-00-00 00:00:00","0000-00-00 00:00:00","0",1,1,1,"",6,"0","{""emailtoemail"":""""}",""
106,48 ore dopo - Pagatore per Pagare,email,"[username], attiva i tuoi servizi","<!-- BODY -->
<table class=""body-wrap"">
<tbody>
<tr>
<td>&nbsp;</td>
<td class=""container"">
<div class=""content"">
<table>
<tbody>
<tr style=""line-height: 0px;"">
<td style=""line-height: 0px;""><a href=""https://www.lifeintravel.it""><img src=""images/newsletter/modelli/lifeintravel-logo-lungo-343x123.png"" alt=""Life in Travel"" style=""display: block; margin-left: auto; margin-right: auto; text-align: center;"" /></a></td>
</tr>
<tr>
<td>
<p style=""max-width: 600px; text-align: center;"">Ciao [username]</p>
<p style=""max-width: 600px; text-align: center;"">grazie per la fiducia a [sitename].</p>
<p style=""font-size: 18px; max-width: 600px; text-align: center;"">Hai attivato il piano di abbonamento [PLAN_NAME] ma non abbiamo ancora ricevuto il pagamento.</p>
<p style=""max-width: 600px; text-align: center;"">Se hai scelto la modalità di pagamento con <strong>bonifico bancario</strong> ti ricordiamo che queste sono le coordinate su cui dovrai versare [PLAN_REGISTRATION_PRICE] (Se hai inserito un coupon di sconto la cifra da versare è quella indicata in fase di checkout):</p>
<p style=""max-width: 600px; text-align: center;""><strong>Libes srl<br />IBAN: IT60O0306953530100000002865</strong></p>
<p style=""max-width: 600px; text-align: center;"">Quando avrai effettuato il pagamento, dovresti ricevere una mail di conferma. Se non la ricevi entro qualche giorno potremmo essere in viaggio in zone remote e per questo non aver attivato il tuo piano. <br /><br /><br /> Se vuoi accelerare il processo di attivazione o per qualsiasi altro dubbio, contattaci all'indirizzo email info@lifeintravel.it<br /><br /> Buone pedalate,<br /> Vero, Leo, Fra, Davide<br /> e tutto il team di lifeintravel.it</p>
<!-- social & contact -->
<table style=""background-color: #ebebeb;"">
<tbody>
<tr>
<td><!--- column 1 -->
<table class=""column"" style=""width: 600px; height: 172px;"">
<tbody>
<tr>
<td>
<h4 class="""" style=""text-align: center;"">Seguici sui social</h4>
<p><a href=""https://www.facebook.com/lifeintravelita"" style=""padding: 3px 7px; font-size: 12px; margin-bottom: 10px; text-decoration: none; color: #fff; font-weight: bold; display: block; text-align: center; background-color: #3b5998!important;"">Facebook</a> <a href=""https://twitter.com/lifeintravelita"" style=""padding: 3px 7px; font-size: 12px; margin-bottom: 10px; text-decoration: none; color: #fff; font-weight: bold; display: block; text-align: center; background-color: #1daced!important;"">Twitter</a> <a href=""https://goo.gl/zaFUfs"" style=""padding: 3px 7px; font-size: 12px; margin-bottom: 10px; text-decoration: none; color: #fff; font-weight: bold; display: block; text-align: center; background-color: #db4a39!important;"">Youtube</a></p>
</td>
</tr>
</tbody>
</table>
<!-- /column 1 --> <span class=""clear""></span></td>
</tr>
</tbody>
</table>
<!-- /social & contact --></td>
</tr>
</tbody>
</table>
</div>
</td>
<td>&nbsp;</td>
</tr>
</tbody>
</table>
<!-- /BODY -->",1,1,"","",Life in Travel,info@lifeintravel.it,"",3,+0000-00-02 00:00:00,"",subscription_date,2|*|4|*|3,R,"0","0","","0",A,"","","","0","0","0","0","0","0","","","","","0","0","","","0","","","","","0","","","","","0","0","0","0","0","0","","","","","0","0","","","0","","","","","0","",1,"0000-00-00 00:00:00","0000-00-00 00:00:00","0",1,1,1,"",7,"0","",""
107,1 settimana dopo - Pagatore per Pagare,email,"[username], attiva i tuoi servizi","<!-- BODY -->
<table class=""body-wrap"">
<tbody>
<tr>
<td>&nbsp;</td>
<td class=""container"">
<div class=""content"">
<table>
<tbody>
<tr style=""line-height: 0px;"">
<td style=""line-height: 0px;""><a href=""https://www.lifeintravel.it""><img src=""images/newsletter/modelli/lifeintravel-logo-lungo-343x123.png"" alt=""Life in Travel"" style=""display: block; margin-left: auto; margin-right: auto; text-align: center;"" /></a></td>
</tr>
<tr>
<td>
<p style=""max-width: 600px; text-align: center;"">Ciao [username]</p>
<p style=""max-width: 600px; text-align: center;"">grazie per la fiducia a [sitename].</p>
<p style=""font-size: 18px; max-width: 600px; text-align: center;"">Hai attivato il piano di abbonamento [PLAN_NAME] ma non abbiamo ancora ricevuto il pagamento.</p>
<p style=""max-width: 600px; text-align: center;"">Se hai scelto la modalità di pagamento con <strong>bonifico bancario</strong> ti ricordiamo che queste sono le coordinate su cui dovrai versare [PLAN_REGISTRATION_PRICE] (Se hai inserito un coupon di sconto la cifra da versare è quella indicata in fase di checkout):</p>
<p style=""max-width: 600px; text-align: center;""><strong>Libes srl<br />IBAN: IT60O0306953530100000002865</strong></p>
<p style=""max-width: 600px; text-align: center;"">Quando avrai effettuato il pagamento, dovresti ricevere una mail di conferma. Se non la ricevi entro qualche giorno potremmo essere in viaggio in zone remote e per questo non aver attivato il tuo piano. <br /><br /><br /> Se vuoi accelerare il processo di attivazione o per qualsiasi altro dubbio, contattaci all'indirizzo email info@lifeintravel.it<br /><br /> Buone pedalate,<br /> Vero, Leo, Fra, Davide<br /> e tutto il team di lifeintravel.it</p>
<!-- social & contact -->
<table style=""background-color: #ebebeb;"">
<tbody>
<tr>
<td><!--- column 1 -->
<table class=""column"" style=""width: 600px; height: 172px;"">
<tbody>
<tr>
<td>
<h4 class="""" style=""text-align: center;"">Seguici sui social</h4>
<p><a href=""https://www.facebook.com/lifeintravelita"" style=""padding: 3px 7px; font-size: 12px; margin-bottom: 10px; text-decoration: none; color: #fff; font-weight: bold; display: block; text-align: center; background-color: #3b5998!important;"">Facebook</a> <a href=""https://twitter.com/lifeintravelita"" style=""padding: 3px 7px; font-size: 12px; margin-bottom: 10px; text-decoration: none; color: #fff; font-weight: bold; display: block; text-align: center; background-color: #1daced!important;"">Twitter</a> <a href=""https://goo.gl/zaFUfs"" style=""padding: 3px 7px; font-size: 12px; margin-bottom: 10px; text-decoration: none; color: #fff; font-weight: bold; display: block; text-align: center; background-color: #db4a39!important;"">Youtube</a></p>
</td>
</tr>
</tbody>
</table>
<!-- /column 1 --> <span class=""clear""></span></td>
</tr>
</tbody>
</table>
<!-- /social & contact --></td>
</tr>
</tbody>
</table>
</div>
</td>
<td>&nbsp;</td>
</tr>
</tbody>
</table>
<!-- /BODY -->",1,1,"","",Life in Travel,info@lifeintravel.it,"",3,+0000-00-07 00:00:00,"",subscription_date,2|*|4|*|3,R,"0","0","","0",A,"","","","0","0","0","0","0","0","","","","","0","0","","","0","","","","","0","","","","","0","0","0","0","0","0","","","","","0","0","","","0","","","","","0","",1,"0000-00-00 00:00:00","0000-00-00 00:00:00","0",1,1,1,"",8,"0","",""
108,4 settimane dopo - Pagatore per Pagare,email,"[username], attiva i tuoi servizi","<!-- BODY -->
<table class=""body-wrap"">
<tbody>
<tr>
<td>&nbsp;</td>
<td class=""container"">
<div class=""content"">
<table>
<tbody>
<tr style=""line-height: 0px;"">
<td style=""line-height: 0px;""><a href=""https://www.lifeintravel.it""><img src=""images/newsletter/modelli/lifeintravel-logo-lungo-343x123.png"" alt=""Life in Travel"" style=""display: block; margin-left: auto; margin-right: auto; text-align: center;"" /></a></td>
</tr>
<tr>
<td>
<p style=""max-width: 600px; text-align: center;"">Ciao [username]</p>
<p style=""max-width: 600px; text-align: center;"">grazie per la fiducia a [sitename].</p>
<p style=""font-size: 18px; max-width: 600px; text-align: center;"">Hai attivato il piano di abbonamento [PLAN_NAME] ma non abbiamo ancora ricevuto il pagamento.</p>
<p style=""max-width: 600px; text-align: center;"">Se hai scelto la modalità di pagamento con <strong>bonifico bancario</strong> ti ricordiamo che queste sono le coordinate su cui dovrai versare [PLAN_REGISTRATION_PRICE] (Se hai inserito un coupon di sconto la cifra da versare è quella indicata in fase di checkout):</p>
<p style=""max-width: 600px; text-align: center;""><strong>Libes srl<br />IBAN: IT60O0306953530100000002865</strong></p>
<p style=""max-width: 600px; text-align: center;"">Quando avrai effettuato il pagamento, dovresti ricevere una mail di conferma. Se non la ricevi entro qualche giorno potremmo essere in viaggio in zone remote e per questo non aver attivato il tuo piano. <br /><br /><br /> Se vuoi accelerare il processo di attivazione o per qualsiasi altro dubbio, contattaci all'indirizzo email info@lifeintravel.it<br /><br /> Buone pedalate,<br /> Vero, Leo, Fra, Davide<br /> e tutto il team di lifeintravel.it</p>
<!-- social & contact -->
<table style=""background-color: #ebebeb;"">
<tbody>
<tr>
<td><!--- column 1 -->
<table class=""column"" style=""width: 600px; height: 172px;"">
<tbody>
<tr>
<td>
<h4 class="""" style=""text-align: center;"">Seguici sui social</h4>
<p><a href=""https://www.facebook.com/lifeintravelita"" style=""padding: 3px 7px; font-size: 12px; margin-bottom: 10px; text-decoration: none; color: #fff; font-weight: bold; display: block; text-align: center; background-color: #3b5998!important;"">Facebook</a> <a href=""https://twitter.com/lifeintravelita"" style=""padding: 3px 7px; font-size: 12px; margin-bottom: 10px; text-decoration: none; color: #fff; font-weight: bold; display: block; text-align: center; background-color: #1daced!important;"">Twitter</a> <a href=""https://goo.gl/zaFUfs"" style=""padding: 3px 7px; font-size: 12px; margin-bottom: 10px; text-decoration: none; color: #fff; font-weight: bold; display: block; text-align: center; background-color: #db4a39!important;"">Youtube</a></p>
</td>
</tr>
</tbody>
</table>
<!-- /column 1 --> <span class=""clear""></span></td>
</tr>
</tbody>
</table>
<!-- /social & contact --></td>
</tr>
</tbody>
</table>
</div>
</td>
<td>&nbsp;</td>
</tr>
</tbody>
</table>
<!-- /BODY -->",1,1,"","",Life in Travel,info@lifeintravel.it,"",3,+0000-00-28 00:00:00,"",subscription_date,2|*|4|*|3,R,"0","0","","0",A,"","","","0","0","0","0","0","0","","","","","0","0","","","0","","","","","0","","","","","0","0","0","0","0","0","","","","","0","0","","","0","","","","","0","",1,"0000-00-00 00:00:00","0000-00-00 00:00:00","0",1,1,1,"",9,"0","",""
109,28 giorni prima - Pagatore singolo per Rinnovo,email,"[username], rinnova i tuoi sogni di viaggio","<!-- BODY -->
<table class=""body-wrap"">
<tbody>
<tr>
<td>&nbsp;</td>
<td class=""container"">
<div class=""content"">
<table>
<tbody>
<tr style=""line-height: 0px;"">
<td style=""line-height: 0px;""><a href=""https://www.lifeintravel.it""><img src=""images/newsletter/modelli/lifeintravel-logo-lungo-343x123.png"" alt=""Life in Travel"" style=""display: block; margin-left: auto; margin-right: auto; text-align: center;"" /></a></td>
</tr>
<tr>
<td>
<p style=""max-width: 600px; text-align: center;"">[username] è passato quasi un anno insieme. Speriamo sia stato entusiasmante come per noi.</p>
<p style=""font-size: 18px; max-width: 600px; text-align: center;"">Per te che fai parte della&nbsp;<strong>LiT Family,</strong>&nbsp;ci sono sempre tante novità e vantaggi esclusivi.</p>
<p style=""font-size: 14px; max-width: 600px; text-align: center;""><a href=""https://www.lifeintravel.it/index.php?option=com_comprofiler&amp;view=pluginclass&amp;plugin=cbpaidsubscriptions&amp;do=displayplans&amp;plans=2-3-4-7-6-9aidsubscriptions&amp;do=display_subscriptions"" style=""text-decoration: none; background-color: #28a745; border-color: #327742; color: #fff; display: inline-block; font-weight: 400; text-align: center; white-space: nowrap; vertical-align: middle; user-select: none; border: 1px solid transparent; padding: .375rem .75rem; font-size: 1rem; line-height: 1.5; border-radius: .25rem; transition: color .15s ease-in-out,background-color .15s ease-in-out,border-color .15s ease-in-out,box-shadow .15s ease-in-out;"">Rinnova il tuo abbonamento</a></p>
<p style=""max-width: 600px; text-align: center;"">Per qualsiasi dubbio, contattaci utilizzando <a href=""https://www.lifeintravel.it/index.php?option=com_contact&amp;view=contact&amp;id=1&amp;Itemid=274&amp;lang=it"">questo modulo</a><br /><br /> Buone pedalate,<br /> Leo, Vero, Davide, Fra<br /> e tutto il team di lifeintravel.it</p>
<!-- social & contact -->
<table style=""background-color: #ebebeb;"">
<tbody>
<tr>
<td><!--- column 1 -->
<table class=""column"" style=""width: 600px; height: 172px;"">
<tbody>
<tr>
<td>
<h4 class="""" style=""text-align: center;"">Seguici sui social</h4>
<p><a href=""https://www.facebook.com/lifeintravelita"" style=""padding: 3px 7px; font-size: 12px; margin-bottom: 10px; text-decoration: none; color: #fff; font-weight: bold; display: block; text-align: center; background-color: #3b5998!important;"">Facebook</a> <a href=""https://twitter.com/lifeintravelita"" style=""padding: 3px 7px; font-size: 12px; margin-bottom: 10px; text-decoration: none; color: #fff; font-weight: bold; display: block; text-align: center; background-color: #1daced!important;"">Twitter</a> <a href=""https://goo.gl/zaFUfs"" style=""padding: 3px 7px; font-size: 12px; margin-bottom: 10px; text-decoration: none; color: #fff; font-weight: bold; display: block; text-align: center; background-color: #db4a39!important;"">Youtube</a></p>
</td>
</tr>
</tbody>
</table>
<!-- /column 1 --> <span class=""clear""></span></td>
</tr>
</tbody>
</table>
<!-- /social & contact --></td>
</tr>
</tbody>
</table>
</div>
</td>
<td>&nbsp;</td>
</tr>
</tbody>
</table>
<!-- /BODY -->",1,1,"","",Life in Travel,info@lifeintravel.it,"",3,-0000-00-28 00:00:00,"",expiry_date,2|*|4|*|3|*|9,A,"0","0","","0",A,1,2|*|4|*|3,A,"0","0",2,"0","0",1,"",2|*|7|*|8|*|10,"","","0","0","","","0","","","","","0","","","","","0","0","0","0","0","0","","","","","0","0","","","0","","","","","0","",1,"0000-00-00 00:00:00","0000-00-00 00:00:00","0",1,1,1,"",10,"0","{""emailtoemail"":""""}",""
110,1 settimana prima - Pagatore singolo per Rinnovo,email,"[username], rinnova i tuoi sogni di viaggio","<!-- BODY -->
<table class=""body-wrap"">
<tbody>
<tr>
<td>&nbsp;</td>
<td class=""container"">
<div class=""content"">
<table>
<tbody>
<tr style=""line-height: 0px;"">
<td style=""line-height: 0px;""><a href=""https://www.lifeintravel.it""><img src=""images/newsletter/modelli/lifeintravel-logo-lungo-343x123.png"" alt=""Life in Travel"" style=""display: block; margin-left: auto; margin-right: auto; text-align: center;"" /></a></td>
</tr>
<tr>
<td>
<p style=""max-width: 600px; text-align: center;"">[username] è passato quasi un anno insieme ed è tempo di rinnovare il tuo abbonamento.</p>
<p style=""font-size: 18px; max-width: 600px; text-align: center;"">Per te che fai parte della&nbsp;<strong>LiT Family,</strong>&nbsp;ci sono sempre tante novità e vantaggi esclusivi.</p>
<p style=""font-size: 14px; max-width: 600px; text-align: center;""><a href=""https://www.lifeintravel.it/index.php?option=com_comprofiler&amp;view=login&amp;Itemid=2975&amp;lang=it"" style=""text-decoration: none; background-color: #28a745; border-color: #327742; color: #fff; display: inline-block; font-weight: 400; text-align: center; white-space: nowrap; vertical-align: middle; user-select: none; border: 1px solid transparent; padding: .375rem .75rem; font-size: 1rem; line-height: 1.5; border-radius: .25rem; transition: color .15s ease-in-out,background-color .15s ease-in-out,border-color .15s ease-in-out,box-shadow .15s ease-in-out;"">Rinnova il tuo abbonamento</a></p>
<p style=""max-width: 600px; text-align: center;"">Per qualsiasi dubbio, contattaci utilizzando <a href=""https://www.lifeintravel.it/index.php?option=com_contact&amp;view=contact&amp;id=1&amp;Itemid=274&amp;lang=it"">questo modulo</a><br /><br /> Buone pedalate,<br /> Leo, Vero, Davide, Fra<br /> e tutto il team di lifeintravel.it</p>
<!-- social & contact -->
<table style=""background-color: #ebebeb;"">
<tbody>
<tr>
<td><!--- column 1 -->
<table class=""column"" style=""width: 600px; height: 172px;"">
<tbody>
<tr>
<td>
<h4 class="""" style=""text-align: center;"">Seguici sui social</h4>
<p><a href=""https://www.facebook.com/lifeintravelita"" style=""padding: 3px 7px; font-size: 12px; margin-bottom: 10px; text-decoration: none; color: #fff; font-weight: bold; display: block; text-align: center; background-color: #3b5998!important;"">Facebook</a> <a href=""https://twitter.com/lifeintravelita"" style=""padding: 3px 7px; font-size: 12px; margin-bottom: 10px; text-decoration: none; color: #fff; font-weight: bold; display: block; text-align: center; background-color: #1daced!important;"">Twitter</a> <a href=""https://goo.gl/zaFUfs"" style=""padding: 3px 7px; font-size: 12px; margin-bottom: 10px; text-decoration: none; color: #fff; font-weight: bold; display: block; text-align: center; background-color: #db4a39!important;"">Youtube</a></p>
</td>
</tr>
</tbody>
</table>
<!-- /column 1 --> <span class=""clear""></span></td>
</tr>
</tbody>
</table>
<!-- /social & contact --></td>
</tr>
</tbody>
</table>
</div>
</td>
<td>&nbsp;</td>
</tr>
</tbody>
</table>
<!-- /BODY -->",1,1,"","",Life in Travel,info@lifeintravel.it,"",3,-0000-00-07 00:00:00,"",expiry_date,2|*|4|*|3|*|9,A,"0","0","","0",A,1,2|*|4|*|3,A,"0","0","0","0","0",1,"",2|*|7|*|8|*|10,"","","0","0","","","0","","","","","0","","","","","0","0","0","0","0","0","","","","","0","0","","","0","","","","","0","",1,"0000-00-00 00:00:00","0000-00-00 00:00:00","0",1,1,1,"",11,"0","{""emailtoemail"":""""}",""
111,4 ore prima - Pagatore singolo per Rinnovo,email,"[username], rinnova i tuoi sogni di viaggio","<!-- BODY -->
<table class=""body-wrap"">
<tbody>
<tr>
<td>&nbsp;</td>
<td class=""container"">
<div class=""content"">
<table>
<tbody>
<tr style=""line-height: 0px;"">
<td style=""line-height: 0px;""><a href=""https://www.lifeintravel.it""><img src=""images/newsletter/modelli/lifeintravel-logo-lungo-343x123.png"" alt=""Life in Travel"" style=""display: block; margin-left: auto; margin-right: auto; text-align: center;"" /></a></td>
</tr>
<tr>
<td>
<p style=""max-width: 600px; text-align: center;"">[username] è passato un anno insieme. Speriamo sia stato entusiasmante anche per te.</p>
<p style=""max-width: 600px; text-align: center;""><strong>Il tuo abbonamento scadrà oggi.</strong></p>
<p style=""font-size: 18px; max-width: 600px; text-align: center;"">Per te che fai parte della&nbsp;<strong>LiT Family,</strong>&nbsp;ci sono sempre tante novità e vantaggi esclusivi.</p>
<p style=""font-size: 14px; max-width: 600px; text-align: center;""><a href=""https://www.lifeinitravel.it/index.php?option=com_comprofiler&amp;view=pluginclass&amp;plugin=cbpaidsubscriptions&amp;do=displayplans&amp;plans=2-3-4-7-6-9"" style=""text-decoration: none; background-color: #28a745; border-color: #327742; color: #fff; display: inline-block; font-weight: 400; text-align: center; white-space: nowrap; vertical-align: middle; user-select: none; border: 1px solid transparent; padding: .375rem .75rem; font-size: 1rem; line-height: 1.5; border-radius: .25rem; transition: color .15s ease-in-out,background-color .15s ease-in-out,border-color .15s ease-in-out,box-shadow .15s ease-in-out;"">Rinnova il tuo abbonamento</a></p>
<p style=""max-width: 600px; text-align: center;"">Per qualsiasi dubbio, contattaci utilizzando <a href=""https://www.lifeintravel.it/index.php?option=com_contact&amp;view=contact&amp;id=1&amp;Itemid=274&amp;lang=it"">questo modulo</a><br /><br /> Buone pedalate,<br /> Leo, Vero, Davide, Fra<br /> e tutto il team di lifeintravel.it</p>
<!-- social & contact -->
<table style=""background-color: #ebebeb;"">
<tbody>
<tr>
<td><!--- column 1 -->
<table class=""column"" style=""width: 600px; height: 172px;"">
<tbody>
<tr>
<td>
<h4 class="""" style=""text-align: center;"">Seguici sui social</h4>
<p><a href=""https://www.facebook.com/lifeintravelita"" style=""padding: 3px 7px; font-size: 12px; margin-bottom: 10px; text-decoration: none; color: #fff; font-weight: bold; display: block; text-align: center; background-color: #3b5998!important;"">Facebook</a> <a href=""https://twitter.com/lifeintravelita"" style=""padding: 3px 7px; font-size: 12px; margin-bottom: 10px; text-decoration: none; color: #fff; font-weight: bold; display: block; text-align: center; background-color: #1daced!important;"">Twitter</a> <a href=""https://goo.gl/zaFUfs"" style=""padding: 3px 7px; font-size: 12px; margin-bottom: 10px; text-decoration: none; color: #fff; font-weight: bold; display: block; text-align: center; background-color: #db4a39!important;"">Youtube</a></p>
</td>
</tr>
</tbody>
</table>
<!-- /column 1 --> <span class=""clear""></span></td>
</tr>
</tbody>
</table>
<!-- /social & contact --></td>
</tr>
</tbody>
</table>
</div>
</td>
<td>&nbsp;</td>
</tr>
</tbody>
</table>
<!-- /BODY -->",1,1,"","",Life in Travel,info@lifeintravel.it,"",3,-0000-00-00 04:00:00,"",expiry_date,2|*|4|*|3,A,"0","0","","0",A,1,2|*|4|*|3,A,"0","0","0","0","0",1,"",2|*|7|*|8|*|10,"","","0","0","","","0","","","","","0","","","","","0","0","0","0","0","0","","","","","0","0","","","0","","","","","0","",1,"0000-00-00 00:00:00","0000-00-00 00:00:00","0",1,1,1,"",15,"0","{""emailtoemail"":""""}",""
113,1 anno dopo - Free per Upgrade,email,"[username], sogna i tuoi prossimi viaggi insieme a noi","<!-- BODY -->
<table class=""body-wrap"">
<tbody>
<tr>
<td>&nbsp;</td>
<td class=""container"">
<div class=""content"">
<table>
<tbody>
<tr style=""line-height: 0px;"">
<td style=""line-height: 0px;""><a href=""https://www.lifeintravel.it""><img src=""images/newsletter/modelli/lifeintravel-logo-lungo-343x123.png"" alt=""Life in Travel"" style=""display: block; margin-left: auto; margin-right: auto; text-align: center;"" /></a></td>
</tr>
<tr>
<td>
<p style=""max-width: 600px; text-align: center;"">[username] è il momento giusto per iniziare a sognare nuovi viaggi in bici.<br />Da oltre 10 anni diamo consigli, informazioni e trasmettiamo l'amore per il magico mondo del cicloturismo.</p>
<p style=""font-size: 18px; max-width: 600px; text-align: center;"">Scopri i vantaggi e servizi esclusivi studiati per te e tutti coloro che decideranno di unirsi alla&nbsp;<strong>LiT Family</strong>.</p>
<p style=""font-size: 14px; max-width: 550px; text-align: center;""><a href=""https://www.lifeintravel.it/index.php?option=com_k2&amp;view=item&amp;layout=item&amp;id=4634&amp;Itemid=7253&amp;lang=it"" style=""text-decoration: none; background-color: #28a745; border-color: #327742; color: #fff; display: inline-block; font-weight: 400; text-align: center; white-space: nowrap; vertical-align: middle; user-select: none; border: 1px solid transparent; padding: .375rem .75rem; font-size: 1rem; line-height: 1.5; border-radius: .25rem; transition: color .15s ease-in-out,background-color .15s ease-in-out,border-color .15s ease-in-out,box-shadow .15s ease-in-out;"">Scopri i vantaggi</a></p>
<p style=""max-width: 600px; text-align: center;"">Per qualsiasi dubbio, contattaci utilizzando <a href=""https://www.lifeintravel.it/index.php?option=com_contact&amp;view=contact&amp;id=1&amp;Itemid=274&amp;lang=it"">questo modulo</a><br /><br /> Buone pedalate,<br /> Leo, Vero, Davide, Fra<br /> e tutto il team di lifeintravel.it</p>
<!-- social & contact -->
<table style=""background-color: #ebebeb;"">
<tbody>
<tr>
<td><!--- column 1 -->
<table class=""column"" style=""width: 600px; height: 172px;"">
<tbody>
<tr>
<td>
<h4 class="""" style=""text-align: center;"">Seguici sui social</h4>
<p><a href=""https://www.facebook.com/lifeintravelita"" style=""padding: 3px 7px; font-size: 12px; margin-bottom: 10px; text-decoration: none; color: #fff; font-weight: bold; display: block; text-align: center; background-color: #3b5998!important;"">Facebook</a> <a href=""https://twitter.com/lifeintravelita"" style=""padding: 3px 7px; font-size: 12px; margin-bottom: 10px; text-decoration: none; color: #fff; font-weight: bold; display: block; text-align: center; background-color: #1daced!important;"">Twitter</a> <a href=""https://goo.gl/zaFUfs"" style=""padding: 3px 7px; font-size: 12px; margin-bottom: 10px; text-decoration: none; color: #fff; font-weight: bold; display: block; text-align: center; background-color: #db4a39!important;"">Youtube</a></p>
</td>
</tr>
</tbody>
</table>
<!-- /column 1 --> <span class=""clear""></span></td>
</tr>
</tbody>
</table>
<!-- /social & contact --></td>
</tr>
</tbody>
</table>
</div>
</td>
<td>&nbsp;</td>
</tr>
</tbody>
</table>
<!-- /BODY -->",1,1,"","","","","",3,+0001-00-00 00:00:00,"",subscription_date,1,"","0","0","","0",A,"","","","0","0","0","0","0","0","","","","","0","0","","","0","","","","","0","","","","","0","0","0","0","0","0","","","","","0","0","","","0","","","","","0","",1,"0000-00-00 00:00:00","0000-00-00 00:00:00","0",1,1,1,"",16,"0","{""emailtoemail"":""""}",""
114,2 anni dopo - Free per Upgrade,email,"[username], sogna i tuoi prossimi viaggi insieme a noi","<!-- BODY -->
<table class=""body-wrap"">
<tbody>
<tr>
<td>&nbsp;</td>
<td class=""container"">
<div class=""content"">
<table>
<tbody>
<tr style=""line-height: 0px;"">
<td style=""line-height: 0px;""><a href=""https://www.lifeintravel.it""><img src=""images/newsletter/modelli/lifeintravel-logo-lungo-343x123.png"" alt=""Life in Travel"" style=""display: block; margin-left: auto; margin-right: auto; text-align: center;"" /></a></td>
</tr>
<tr>
<td>
<p style=""max-width: 600px; text-align: center;"">[username] è il momento giusto per iniziare a sognare nuovi viaggi in bici.<br />Da oltre 10 anni diamo consigli, informazioni e trasmettiamo l'amore per il magico mondo del cicloturismo.</p>
<p style=""font-size: 18px; max-width: 600px; text-align: center;"">Scopri i vantaggi e servizi esclusivi studiati per te e tutti coloro che decideranno di unirsi alla&nbsp;<strong>LiT Family</strong>.</p>
<p style=""font-size: 14px; max-width: 550px; text-align: center;""><a href=""https://www.lifeintravel.it/index.php?option=com_k2&amp;view=item&amp;layout=item&amp;id=4634&amp;Itemid=7253&amp;lang=it"" style=""text-decoration: none; background-color: #28a745; border-color: #327742; color: #fff; display: inline-block; font-weight: 400; text-align: center; white-space: nowrap; vertical-align: middle; user-select: none; border: 1px solid transparent; padding: .375rem .75rem; font-size: 1rem; line-height: 1.5; border-radius: .25rem; transition: color .15s ease-in-out,background-color .15s ease-in-out,border-color .15s ease-in-out,box-shadow .15s ease-in-out;"">Scopri i vantaggi</a></p>
<p style=""max-width: 600px; text-align: center;"">Per qualsiasi dubbio, contattaci utilizzando <a href=""https://www.lifeintravel.it/index.php?option=com_contact&amp;view=contact&amp;id=1&amp;Itemid=274&amp;lang=it"">questo modulo</a><br /><br /> Buone pedalate,<br /> Leo, Vero, Davide, Fra<br /> e tutto il team di lifeintravel.it</p>
<!-- social & contact -->
<table style=""background-color: #ebebeb;"">
<tbody>
<tr>
<td><!--- column 1 -->
<table class=""column"" style=""width: 600px; height: 172px;"">
<tbody>
<tr>
<td>
<h4 class="""" style=""text-align: center;"">Seguici sui social</h4>
<p><a href=""https://www.facebook.com/lifeintravelita"" style=""padding: 3px 7px; font-size: 12px; margin-bottom: 10px; text-decoration: none; color: #fff; font-weight: bold; display: block; text-align: center; background-color: #3b5998!important;"">Facebook</a> <a href=""https://twitter.com/lifeintravelita"" style=""padding: 3px 7px; font-size: 12px; margin-bottom: 10px; text-decoration: none; color: #fff; font-weight: bold; display: block; text-align: center; background-color: #1daced!important;"">Twitter</a> <a href=""https://goo.gl/zaFUfs"" style=""padding: 3px 7px; font-size: 12px; margin-bottom: 10px; text-decoration: none; color: #fff; font-weight: bold; display: block; text-align: center; background-color: #db4a39!important;"">Youtube</a></p>
</td>
</tr>
</tbody>
</table>
<!-- /column 1 --> <span class=""clear""></span></td>
</tr>
</tbody>
</table>
<!-- /social & contact --></td>
</tr>
</tbody>
</table>
</div>
</td>
<td>&nbsp;</td>
</tr>
</tbody>
</table>
<!-- /BODY -->",1,1,"","","","","",3,+0002-00-00 00:00:00,"",subscription_date,1,"","0","0","","0",A,"","","","0","0","0","0","0","0","","","","","0","0","","","0","","","","","0","","","","","0","0","0","0","0","0","","","","","0","0","","","0","","","","","0","",1,"0000-00-00 00:00:00","0000-00-00 00:00:00","0",1,1,1,"",17,"0","{""emailtoemail"":""""}",""
115,3 anni dopo - Free per Upgrade,email,"[username], sogna i tuoi prossimi viaggi insieme a noi","<!-- BODY -->
<table class=""body-wrap"">
<tbody>
<tr>
<td>&nbsp;</td>
<td class=""container"">
<div class=""content"">
<table>
<tbody>
<tr style=""line-height: 0px;"">
<td style=""line-height: 0px;""><a href=""https://www.lifeintravel.it""><img src=""images/newsletter/modelli/lifeintravel-logo-lungo-343x123.png"" alt=""Life in Travel"" style=""display: block; margin-left: auto; margin-right: auto; text-align: center;"" /></a></td>
</tr>
<tr>
<td>
<p style=""max-width: 600px; text-align: center;"">[username] è il momento giusto per iniziare a sognare nuovi viaggi in bici.<br />Da oltre 10 anni diamo consigli, informazioni e trasmettiamo l'amore per il magico mondo del cicloturismo.</p>
<p style=""font-size: 18px; max-width: 600px; text-align: center;"">Scopri i vantaggi e servizi esclusivi studiati per te e tutti coloro che decideranno di unirsi alla&nbsp;<strong>LiT Family</strong>.</p>
<p style=""font-size: 14px; max-width: 550px; text-align: center;""><a href=""https://www.lifeintravel.it/index.php?option=com_k2&amp;view=item&amp;layout=item&amp;id=4634&amp;Itemid=7253&amp;lang=it"" style=""text-decoration: none; background-color: #28a745; border-color: #327742; color: #fff; display: inline-block; font-weight: 400; text-align: center; white-space: nowrap; vertical-align: middle; user-select: none; border: 1px solid transparent; padding: .375rem .75rem; font-size: 1rem; line-height: 1.5; border-radius: .25rem; transition: color .15s ease-in-out,background-color .15s ease-in-out,border-color .15s ease-in-out,box-shadow .15s ease-in-out;"">Scopri i vantaggi</a></p>
<p style=""max-width: 600px; text-align: center;"">Per qualsiasi dubbio, contattaci utilizzando <a href=""https://www.lifeintravel.it/index.php?option=com_contact&amp;view=contact&amp;id=1&amp;Itemid=274&amp;lang=it"">questo modulo</a><br /><br /> Buone pedalate,<br /> Leo, Vero, Davide, Fra<br /> e tutto il team di lifeintravel.it</p>
<!-- social & contact -->
<table style=""background-color: #ebebeb;"">
<tbody>
<tr>
<td><!--- column 1 -->
<table class=""column"" style=""width: 600px; height: 172px;"">
<tbody>
<tr>
<td>
<h4 class="""" style=""text-align: center;"">Seguici sui social</h4>
<p><a href=""https://www.facebook.com/lifeintravelita"" style=""padding: 3px 7px; font-size: 12px; margin-bottom: 10px; text-decoration: none; color: #fff; font-weight: bold; display: block; text-align: center; background-color: #3b5998!important;"">Facebook</a> <a href=""https://twitter.com/lifeintravelita"" style=""padding: 3px 7px; font-size: 12px; margin-bottom: 10px; text-decoration: none; color: #fff; font-weight: bold; display: block; text-align: center; background-color: #1daced!important;"">Twitter</a> <a href=""https://goo.gl/zaFUfs"" style=""padding: 3px 7px; font-size: 12px; margin-bottom: 10px; text-decoration: none; color: #fff; font-weight: bold; display: block; text-align: center; background-color: #db4a39!important;"">Youtube</a></p>
</td>
</tr>
</tbody>
</table>
<!-- /column 1 --> <span class=""clear""></span></td>
</tr>
</tbody>
</table>
<!-- /social & contact --></td>
</tr>
</tbody>
</table>
</div>
</td>
<td>&nbsp;</td>
</tr>
</tbody>
</table>
<!-- /BODY -->",1,1,"","","","","",3,+0003-00-00 00:00:00,"",subscription_date,1,"","0","0","","0",A,"","","","0","0","0","0","0","0","","","","","0","0","","","0","","","","","0","","","","","0","0","0","0","0","0","","","","","0","0","","","0","","","","","0","",1,"0000-00-00 00:00:00","0000-00-00 00:00:00","0",1,1,1,"",18,"0","{""emailtoemail"":""""}",""
117,48 ore prima - Pagatore singolo per Rinnovo,email,"[username], rinnova i tuoi sogni di viaggio","<!-- BODY -->
<table class=""body-wrap"">
<tbody>
<tr>
<td>&nbsp;</td>
<td class=""container"">
<div class=""content"">
<table>
<tbody>
<tr style=""line-height: 0px;"">
<td style=""line-height: 0px;""><a href=""https://www.lifeintravel.it""><img src=""images/newsletter/modelli/lifeintravel-logo-lungo-343x123.png"" alt=""Life in Travel"" style=""display: block; margin-left: auto; margin-right: auto; text-align: center;"" /></a></td>
</tr>
<tr>
<td>
<p style=""max-width: 600px; text-align: center;"">[username] è passato un anno insieme.&nbsp;<span style=""background-color: inherit; color: inherit; font-family: inherit; font-size: 1rem; caret-color: auto;"">Speriamo sia stato entusiasmante anche per te.</span></p>
<p style=""max-width: 600px; text-align: center;""><span style=""background-color: inherit; color: inherit; font-family: inherit; font-size: 1rem; caret-color: auto;""><strong>Il tuo abbonamento è in scadenza fra 2 giorni</strong>.</span></p>
<p style=""font-size: 18px; max-width: 600px; text-align: center;"">Per te che fai parte della&nbsp;<strong>LiT Family,</strong>&nbsp;ci sono sempre tante novità e vantaggi esclusivi.</p>
<p style=""font-size: 14px; max-width: 600px; text-align: center;""><a href=""https://www.lifeinitravel.it/index.php?option=com_comprofiler&amp;view=pluginclass&amp;plugin=cbpaidsubscriptions&amp;do=displayplans&amp;plans=2-3-4-7-6-9"" style=""text-decoration: none; background-color: #28a745; border-color: #327742; color: #fff; display: inline-block; font-weight: 400; text-align: center; white-space: nowrap; vertical-align: middle; user-select: none; border: 1px solid transparent; padding: .375rem .75rem; font-size: 1rem; line-height: 1.5; border-radius: .25rem; transition: color .15s ease-in-out,background-color .15s ease-in-out,border-color .15s ease-in-out,box-shadow .15s ease-in-out;"">Rinnova il tuo abbonamento</a></p>
<p style=""max-width: 600px; text-align: center;"">Per qualsiasi dubbio, contattaci utilizzando <a href=""https://www.lifeintravel.it/index.php?option=com_contact&amp;view=contact&amp;id=1&amp;Itemid=274&amp;lang=it"">questo modulo</a><br /><br /> Buone pedalate,<br /> Leo, Vero, Davide, Fra<br /> e tutto il team di lifeintravel.it</p>
<!-- social & contact -->
<table style=""background-color: #ebebeb;"">
<tbody>
<tr>
<td><!--- column 1 -->
<table class=""column"" style=""width: 600px; height: 172px;"">
<tbody>
<tr>
<td>
<h4 class="""" style=""text-align: center;"">Seguici sui social</h4>
<p><a href=""https://www.facebook.com/lifeintravelita"" style=""padding: 3px 7px; font-size: 12px; margin-bottom: 10px; text-decoration: none; color: #fff; font-weight: bold; display: block; text-align: center; background-color: #3b5998!important;"">Facebook</a> <a href=""https://twitter.com/lifeintravelita"" style=""padding: 3px 7px; font-size: 12px; margin-bottom: 10px; text-decoration: none; color: #fff; font-weight: bold; display: block; text-align: center; background-color: #1daced!important;"">Twitter</a> <a href=""https://goo.gl/zaFUfs"" style=""padding: 3px 7px; font-size: 12px; margin-bottom: 10px; text-decoration: none; color: #fff; font-weight: bold; display: block; text-align: center; background-color: #db4a39!important;"">Youtube</a></p>
</td>
</tr>
</tbody>
</table>
<!-- /column 1 --> <span class=""clear""></span></td>
</tr>
</tbody>
</table>
<!-- /social & contact --></td>
</tr>
</tbody>
</table>
</div>
</td>
<td>&nbsp;</td>
</tr>
</tbody>
</table>
<!-- /BODY -->",1,1,"","",Life in Travel,info@lifeintravel.it,"",3,-0000-00-00 04:00:00,"",expiry_date,2|*|4|*|3,A,"0","0","","0",A,1,2|*|4|*|3,A,"0","0","0","0","0",1,"",2|*|7|*|8|*|10,"","","0","0","","","0","","","","","0","","","","","0","0","0","0","0","0","","","","","0","0","","","0","","","","","0","",1,"0000-00-00 00:00:00","0000-00-00 00:00:00","0",1,1,1,"",13,"0","{""emailtoemail"":""""}",""
118,48 ore dopo - Scaduto singolo per Rinnovo,email,"[username], ci spiace vederti andar via","<!-- BODY -->
<table class=""body-wrap"">
<tbody>
<tr>
<td>&nbsp;</td>
<td class=""container"">
<div class=""content"">
<table>
<tbody>
<tr style=""line-height: 0px;"">
<td style=""line-height: 0px;""><a href=""https://www.lifeintravel.it""><img src=""images/newsletter/modelli/lifeintravel-logo-lungo-343x123.png"" alt=""Life in Travel"" style=""display: block; margin-left: auto; margin-right: auto; text-align: center;"" /></a></td>
</tr>
<tr>
<td>
<p style=""max-width: 600px; text-align: center;"">[username] è passato un anno insieme e ci dispiace vederti andar via.</p>
<p style=""font-size: 18px; max-width: 600px; text-align: center;"">Per te che hai fatto parte della&nbsp;<strong>LiT Family,</strong>&nbsp;ci sono sempre tante novità e vantaggi esclusivi. Se hai voglia di tornare a far parte della community di cicloviaggiatori più pazza d'Italia, abbiamo riservato per te</p>
<p style=""font-size: 18px; max-width: 600px; text-align: center;""><strong>uno sconto del 5% se riattivi l'abbonamento</strong>.</p>
<p style=""text-align: center;"">Il codice sconto, valido per 1 settimana da oggi è:</p>
<p style=""text-align: center;""><strong><span style=""color: #212529; font-family: -apple-system, BlinkMacSystemFont, 'Segoe UI', Roboto, 'Helvetica Neue', Arial, 'Noto Sans', 'Liberation Sans', sans-serif, 'Apple Color Emoji', 'Segoe UI Emoji', 'Segoe UI Symbol', 'Noto Color Emoji'; font-size: 16px; text-align: left;"">LITBACK5</span></strong></p>
<p style=""font-size: 14px; max-width: 600px; text-align: center;""><a href=""https://www.lifeinitravel.it/index.php?option=com_comprofiler&amp;view=pluginclass&amp;plugin=cbpaidsubscriptions&amp;do=displayplans&amp;plans=2-3-4-7-6-9"" style=""text-decoration: none; background-color: #28a745; border-color: #327742; color: #fff; display: inline-block; font-weight: 400; text-align: center; white-space: nowrap; vertical-align: middle; user-select: none; border: 1px solid transparent; padding: .375rem .75rem; font-size: 1rem; line-height: 1.5; border-radius: .25rem; transition: color .15s ease-in-out,background-color .15s ease-in-out,border-color .15s ease-in-out,box-shadow .15s ease-in-out;"">Riattiva il tuo abbonamento</a></p>
<p style=""max-width: 600px; text-align: center;"">Per qualsiasi dubbio, contattaci utilizzando <a href=""https://www.lifeintravel.it/index.php?option=com_contact&amp;view=contact&amp;id=1&amp;Itemid=274&amp;lang=it"">questo modulo</a><br /><br /> Buone pedalate,<br /> Leo, Vero, Davide, Fra<br /> e tutto il team di lifeintravel.it</p>
<!-- social & contact -->
<table style=""background-color: #ebebeb;"">
<tbody>
<tr>
<td><!--- column 1 -->
<table class=""column"" style=""width: 600px; height: 172px;"">
<tbody>
<tr>
<td>
<h4 class="""" style=""text-align: center;"">Seguici sui social</h4>
<p><a href=""https://www.facebook.com/lifeintravelita"" style=""padding: 3px 7px; font-size: 12px; margin-bottom: 10px; text-decoration: none; color: #fff; font-weight: bold; display: block; text-align: center; background-color: #3b5998!important;"">Facebook</a> <a href=""https://twitter.com/lifeintravelita"" style=""padding: 3px 7px; font-size: 12px; margin-bottom: 10px; text-decoration: none; color: #fff; font-weight: bold; display: block; text-align: center; background-color: #1daced!important;"">Twitter</a> <a href=""https://goo.gl/zaFUfs"" style=""padding: 3px 7px; font-size: 12px; margin-bottom: 10px; text-decoration: none; color: #fff; font-weight: bold; display: block; text-align: center; background-color: #db4a39!important;"">Youtube</a></p>
</td>
</tr>
</tbody>
</table>
<!-- /column 1 --> <span class=""clear""></span></td>
</tr>
</tbody>
</table>
<!-- /social & contact --></td>
</tr>
</tbody>
</table>
</div>
</td>
<td>&nbsp;</td>
</tr>
</tbody>
</table>
<!-- /BODY -->",1,1,"","",Life in Travel,info@lifeintravel.it,"",3,+0000-00-02 00:00:00,"",expiry_date,2|*|4|*|3,X,"0","0","","0",A,1,2|*|4|*|3,X,"0","0","0","0","0",1,"",2|*|7|*|8|*|10,"","","0","0","","","0","","","","","0","","","","","0","0","0","0","0","0","","","","","0","0","","","0","","","","","0","",1,"0000-00-00 00:00:00","0000-00-00 00:00:00","0",1,1,1,"",14,"0","{""emailtoemail"":""""}",""
119,1 settimana prima - Pagatore ricorrente per Rinnovo,email,"[username], i tuoi sogni di viaggio stanno per essere rinnovati","<!-- BODY -->
<table class=""body-wrap"">
<tbody>
<tr>
<td>&nbsp;</td>
<td class=""container"">
<div class=""content"">
<table>
<tbody>
<tr style=""line-height: 0px;"">
<td style=""line-height: 0px;""><a href=""https://www.lifeintravel.it""><img src=""images/newsletter/modelli/lifeintravel-logo-lungo-343x123.png"" alt=""Life in Travel"" style=""display: block; margin-left: auto; margin-right: auto; text-align: center;"" /></a></td>
</tr>
<tr>
<td>
<p style=""max-width: 600px; text-align: center;"">[username] è passato quasi un anno insieme.&nbsp;<span style=""background-color: inherit; color: inherit; font-family: inherit; font-size: 1rem; caret-color: auto;"">Speriamo sia stato entusiasmante come per noi.</span></p>
<p style=""font-size: 18px; max-width: 600px; text-align: center;"">Per te che fai parte della&nbsp;<strong>LiT Family,</strong>&nbsp;ci sono sempre tante novità e vantaggi esclusivi.</p>
<p style=""text-align: center;"">Per te che hai attivato un pagamento ricorrente, il tuo abbonamento verrà rinnovato tra una settimana quindi assicurati che il metodo di pagamento da te prescelto sia ancora attivo e controlla di aver inserito l'indirizzo corretto nel tuo profilo su lifeintravel.it.</p>
<p style=""max-width: 600px; text-align: center;"">Per qualsiasi dubbio, contattaci utilizzando <a href=""https://www.lifeintravel.it/index.php?option=com_contact&amp;view=contact&amp;id=1&amp;Itemid=274&amp;lang=it"">questo modulo</a><br /><br /> Buone pedalate,<br /> Leo, Vero, Davide, Fra<br /> e tutto il team di lifeintravel.it</p>
<!-- social & contact -->
<table style=""background-color: #ebebeb;"">
<tbody>
<tr>
<td><!--- column 1 -->
<table class=""column"" style=""width: 600px; height: 172px;"">
<tbody>
<tr>
<td>
<h4 class="""" style=""text-align: center;"">Seguici sui social</h4>
<p><a href=""https://www.facebook.com/lifeintravelita"" style=""padding: 3px 7px; font-size: 12px; margin-bottom: 10px; text-decoration: none; color: #fff; font-weight: bold; display: block; text-align: center; background-color: #3b5998!important;"">Facebook</a> <a href=""https://twitter.com/lifeintravelita"" style=""padding: 3px 7px; font-size: 12px; margin-bottom: 10px; text-decoration: none; color: #fff; font-weight: bold; display: block; text-align: center; background-color: #1daced!important;"">Twitter</a> <a href=""https://goo.gl/zaFUfs"" style=""padding: 3px 7px; font-size: 12px; margin-bottom: 10px; text-decoration: none; color: #fff; font-weight: bold; display: block; text-align: center; background-color: #db4a39!important;"">Youtube</a></p>
</td>
</tr>
</tbody>
</table>
<!-- /column 1 --> <span class=""clear""></span></td>
</tr>
</tbody>
</table>
<!-- /social & contact --></td>
</tr>
</tbody>
</table>
</div>
</td>
<td>&nbsp;</td>
</tr>
</tbody>
</table>
<!-- /BODY -->",1,1,"","",Life in Travel,info@lifeintravel.it,"",3,-0000-00-07 00:00:00,"",expiry_date,2|*|4|*|3,A,"0","0","","0",A,1,2|*|4|*|3,A,"0","0","0","0","0",1,"",1|*|6|*|5|*|9,"","","0","0","","","0","","","","","0","","","","","0","0","0","0","0","0","","","","","0","0","","","0","","","","","0","",1,"0000-00-00 00:00:00","0000-00-00 00:00:00","0",1,1,1,"",12,"0","{""emailtoemail"":""""}",""
