id,name,published
24,trekking,1
27,birdwatching,1
54,bici,1
72,trento,1
105,salvaiciclisti,1
107,video,1
122,fotografia,1
150,Patagonia,1
158,toscana,1
160,cicloturismo,1
191,germania,1
203,roma,1
211,calabria,1
232,piemonte,1
255,salento,1
256,puglia,1
260,trentino,1
304,lago di garda,1
329,intervista,1
331,Working holiday,1
380,medio oriente,1
462,dolomiti,1
463,alto adige,1
544,lombardia,1
548,veneto,1
591,valle d aosta,1
602,emilia romagna,1
606,val di fiemme,1
610,friuli,1
656,partenza,1
672,itinerario ciclabile,1
708,val di fassa,1
710,adamello,1
712,ciaspole,1
713,valsugana,1
797,val di Sole,1
826,borneo,1
997,umbria,1
998,sicilia,1
1017,campania,1
1106,val di non,1
1265,viaggio in bici,1
1392,antipasto,1
1398,secondo piatto,1
1429,dolce,1
1476,grande viaggiatore,1
1585,consiglio bici,1
1586,altri libri,1
1588,libri di viaggio,1
1591,burocrazia,1
1606,primi piatti,1
1666,aforismi,1
1668,cappadocia,1
1670,on the road,1
1687,balcani in bici,1
1760,sardegna,1
1808,giro del monviso,1
1820,lazio,1
1845,asia in bici,1
1852,scoperte urbane,1
1949,consigli,1
1958,contorno,1
1967,via francigena,1
1969,karakorum highway,1
1971,cammino di santiago,1
1972,viaggi a piedi,1
1976,scandibike,1
1978,ciclovia 3 fiumi,1
1982,VTTE in viaggio,1
1983,parco del mercantour,1
1984,bologna palinuro in bici,1
1985,european journey,1
1987,liguria,1
1988,ferrovie in bici,1
1991,viaggio a piedi,1
1992,bici lungo l'acqua,1
1993,tecnica mtb,1
1994,bici in citta,1
1996,ciclovia del po,1
1997,coast to coast usa,1
1998,albania in bici,1
1999,cammino san francesco,1
2003,gps e cartografia,1
2005,valli ciclabili del trentino,1
2006,marche,1
2007,corsica in bici,1
2008,pedalodi,1
2010,comanobike,1
2011,casio pro trek,1
2012,ebikes,1
2013,tirolo,1
2018,bici al femminile,1
2020,dolomitilagoraibike,1
2040,videocamere sportive,1
2053,transitalia,1
2055,tecnologia e bici,1
2056,acquisti,1
2057,meccanica,1
2058,viaggi in MTB,1
2059,viaggi in libertà,1
2060,facile,1
2061,medio,1
2062,difficile,1
2063,itinerari verdi,1
2064,itinerari culturali,1
2065,accessori,1
2066,abbigliamento,1
2067,bici e trasporti,1
2068,abruzzo,1
2069,recensione bici,1
2070,campeggio,1
2072,disabike,1
2073,basilicata,1
2074,molise,1
2076,itinerari grande guerra,1
2078,bici da strada,1
2079,valtellina,1
2080,viaggio con la goat,1
2084,pedalappennini,1
2085,ande in bici,1
2088,bikepacking,1
2089,trentino in mtb,1
2090,lago d'iseo,1
2091,alto atlante,1
2092,val di susa,1
2096,bikethesouth,1
2098,osm,1
2099,alpi occidentali,1
2100,valcamonica,1
2103,via silente,1
2104,sicurezza,1
2105,beneficienza,1
2106,libri Life in Travel,1
2107,scatto fisso,1
2108,alimentazione e idratazione,1
2109,bicycle touring,1
2110,green itineraries,1
2111,trentino by bicycle,1
2112,veneto by bicycle,1
2113,cycleway,1
2114,accessories,1
2115,purchases,1
2116,gps and cartography,1
2117,technology and bicycles,1
2118,rail trail,1
2119,umbria by bicycle,1
2120,abruzzo by bicycle,1
2121,hard,1
2122,iseo lake,1
2123,easy,1
2124,cultural itinerary,1
2125,svizzera,1
2126,austria,1
2127,ebike,1
2128,in viaggio col cane,1
2129,fiandre,1
2130,eguide,1
2131,bikejamming,1
2132,eurovelo,1
2133,inverno,1
2134,gravel,1
2135,bicycle reviews,1
2138,medium,1
2139,mountain bike,1
2140,festival,1
2143,bondone,1
2146,garda trentino,1
2148,valle del chiese,1
2149,lunigiana,1
2151,emtb,1
2154,bike park,1
2155,repubblica ceca,1
2156,ora di mondo,1
2157,iberiabike,1
2158,noplansjourney,1
2159,touring routes,1
2160,camino,1
2161,interview,1
2162,grande guerra,1
2166,salute,1
2167,fat bike,1
2169,lazio by bicycle,1
2170,gravel routes,1
2171,liguria by bicycle,1
2172,lombardy,1
2173,sardinia,1
2174,south tyrol,1
2175,marche by bicycle,1
2176,slovenia,1
2177,premium,1
2178,piedmont,1
2179,borse bici,1
2180,recensione manubri,1
2181,croazia,1
2182,bimbi in bici,1
2183,kids,1
2184,recensione copertoni,1
2185,aziende,1
2186,romania,1
2187,ucraina,1
2188,adventure,1
2189,spagna,1
2190,francia,1
2191,lago di como,1
2192,backtothewest,1
2193,liechtenstein,1
